{
  "data_collection_rewards": [
    10.0,
    21.0,
    11.0,
    33.0,
    34.0,
    39.0,
    10.0,
    17.0,
    14.0,
    36.0,
    11.0,
    16.0,
    22.0,
    43.0,
    31.0,
    13.0,
    20.0,
    17.0,
    21.0,
    20.0,
    38.0,
    22.0,
    18.0,
    17.0,
    12.0,
    15.0,
    13.0,
    18.0,
    13.0,
    14.0,
    19.0,
    34.0,
    14.0,
    14.0,
    16.0,
    11.0,
    11.0,
    25.0,
    12.0,
    15.0,
    66.0,
    16.0,
    35.0,
    27.0,
    15.0,
    21.0,
    19.0,
    18.0,
    44.0,
    12.0,
    16.0,
    19.0,
    12.0,
    22.0,
    14.0,
    21.0,
    14.0,
    21.0,
    18.0,
    17.0,
    15.0,
    33.0,
    20.0,
    16.0,
    28.0,
    12.0,
    28.0,
    13.0,
    11.0,
    16.0,
    26.0,
    24.0,
    19.0,
    13.0,
    17.0,
    21.0,
    15.0,
    9.0,
    51.0,
    18.0,
    14.0,
    23.0,
    22.0,
    9.0,
    14.0,
    13.0,
    36.0,
    13.0,
    14.0,
    14.0,
    37.0,
    15.0,
    9.0,
    19.0,
    12.0,
    25.0,
    45.0,
    29.0,
    27.0,
    14.0,
    14.0,
    33.0,
    13.0,
    13.0,
    17.0,
    25.0,
    17.0,
    63.0,
    14.0,
    16.0,
    17.0,
    15.0,
    34.0,
    23.0,
    12.0,
    20.0,
    30.0,
    11.0,
    25.0,
    19.0,
    40.0,
    13.0,
    22.0,
    26.0,
    39.0,
    20.0,
    15.0,
    27.0,
    14.0,
    11.0,
    10.0,
    28.0,
    45.0,
    23.0,
    26.0,
    20.0,
    21.0,
    24.0,
    20.0,
    37.0,
    60.0,
    16.0,
    21.0,
    48.0,
    36.0,
    21.0,
    22.0,
    18.0,
    11.0,
    20.0,
    18.0,
    23.0,
    32.0,
    27.0,
    19.0,
    18.0,
    14.0,
    16.0,
    32.0,
    13.0,
    18.0,
    39.0,
    16.0,
    11.0,
    29.0,
    16.0,
    16.0,
    23.0,
    16.0,
    16.0,
    25.0,
    34.0,
    13.0,
    12.0,
    13.0,
    22.0,
    12.0,
    31.0,
    23.0,
    35.0,
    35.0,
    32.0,
    20.0,
    13.0,
    15.0,
    11.0,
    25.0,
    13.0,
    27.0,
    13.0,
    31.0,
    22.0,
    14.0,
    20.0,
    27.0,
    23.0,
    11.0,
    25.0,
    21.0,
    16.0
  ],
  "world_model_losses": [
    2.4452249348163604,
    0.1594044653326273,
    0.07141926463693381,
    0.029829236138612034,
    0.021928463727235795,
    0.016757000582292677,
    0.01417687206529081,
    0.015863878335803747,
    0.013920588511973619,
    0.009536057552322745,
    0.008413810199126601,
    0.01480259389616549,
    0.010587584255263209,
    0.010812649475410581,
    0.008601634288206697,
    0.006184025853872299,
    0.0046733351657167075,
    0.004531027365010232,
    0.005016174959018826,
    0.005012363258283585,
    0.0051626443979330364,
    0.006375836397055536,
    0.0062104424019344155,
    0.004154418157413602,
    0.007639134526252747,
    0.005219171829521656,
    0.007240429301746189,
    0.01563055573264137,
    0.004065266632242128,
    0.002216170905157924,
    0.0018972188595216721,
    0.002474897870561108,
    0.0017879942536819726,
    0.002004513209685683,
    0.0024793756217695775,
    0.006380947488360107,
    0.0024887336092069747,
    0.0025336287333630027,
    0.0038039435888640584,
    0.004126557960407808,
    0.002203327889437787,
    0.002103716056444682,
    0.0031225219875341283,
    0.0013700860255630688,
    0.001218464205157943,
    0.0025440759398043158,
    0.003128321145195514,
    0.0026362834265455603,
    0.002688960547675379,
    0.009173293426865712,
    0.0036607919086236508,
    0.0035929779254365714,
    0.004272745328489691,
    0.0029371279093902557,
    0.0027795174438506364,
    0.0015365003445185722,
    0.0012358361046062782,
    0.0014729501042165794,
    0.0018654777557821944,
    0.0019386605854379013,
    0.0049666306172730405,
    0.0017678577674087137,
    0.0016612573765451089,
    0.0015310561103979126,
    0.0014287811651593075,
    0.001337442770600319,
    0.001794390776194632,
    0.0015940416703233496,
    0.00304008457926102,
    0.0007160895498236641,
    0.0009451038017868995,
    0.002314999831141904,
    0.0028586825588718056,
    0.001440067636722233,
    0.0010980431881034746,
    0.0010625503596384078,
    0.0007709307433106005,
    0.0009543298615608364,
    0.0004893052541592624,
    0.002410905778524466,
    0.002252034232369624,
    0.0016484794596908613,
    0.0005017828858399298,
    0.0004503293603193015,
    0.000844952565676067,
    0.0011506128718610854,
    0.001083552826603409,
    0.0037572992499917746,
    0.002291314220055938,
    0.0012541892254375852,
    0.0017189581238199025,
    0.0016458776267245412,
    0.0006115836263052188,
    0.0008145046571735293,
    0.003238741559907794,
    0.003749014806235209,
    0.0010960060986690222,
    0.0012852970929816366,
    0.0014565306407166646,
    0.005108443443896249
  ],