{
  "param_scaling": {
    "5000000.0": 141.09720949359703,
    "10000000.0": 133.8358769909067,
    "20000000.0": 127.02812155892575,
    "50000000.0": 118.61329583652375,
    "100000000.0": 112.59866416793628,
    "200000000.0": 106.9278585698123,
    "500000000.0": 99.85598412128017
  },
  "data_scaling": {
    "10000000.0": 40.777070389128454,
    "50000000.0": 35.29399486979251,
    "100000000.0": 33.135322152566026,
    "200000000.0": 31.162987101745447,
    "500000000.0": 28.750822340272062,
    "1000000000.0": 26.88763053856978
  }
}