{
  "data_collection_rewards": [
    28.0,
    17.0,
    29.0,
    13.0,
    15.0,
    22.0,
    15.0,
    37.0,
    31.0,
    35.0,
    16.0,
    16.0,
    10.0,
    39.0,
    22.0,
    23.0,
    48.0,
    39.0,
    11.0,
    13.0,
    15.0,
    14.0,
    19.0,
    23.0,
    32.0,
    15.0,
    46.0,
    28.0,
    14.0,
    34.0,
    28.0,
    16.0,
    24.0,
    30.0,
    24.0,
    17.0,
    41.0,
    29.0,
    27.0,
    51.0,
    17.0,
    25.0,
    12.0,
    71.0,
    23.0,
    16.0,
    18.0,
    19.0,
    24.0,
    61.0,
    10.0,
    42.0,
    12.0,
    72.0,
    34.0,
    32.0,
    19.0,
    43.0,
    12.0,
    10.0,
    15.0,
    49.0,
    29.0,
    17.0,
    16.0,
    17.0,
    11.0,
    17.0,
    34.0,
    15.0,
    36.0,
    23.0,
    14.0,
    11.0,
    22.0,
    22.0,
    30.0,
    17.0,
    19.0,
    14.0,
    26.0,
    10.0,
    15.0,
    21.0,
    17.0,
    14.0,
    59.0,
    16.0,
    36.0,
    12.0,
    27.0,
    68.0,
    14.0,
    16.0,
    21.0,
    19.0,
    36.0,
    15.0,
    25.0,
    26.0
  ],
  "vae_losses": [
    0.2921487079933286,
    0.33142016138881447,
    0.28125672955065967,
    0.2635289205238223,
    0.29271221165545286,
    0.25904448130168023,
    0.2578847860917449,
    0.20462395867798477,
    0.2267492457292974,
    0.1255097787710838,
    0.14975406019948423,
    0.06785743257496506,
    0.07184280802030116,
    0.08488561655394733,
    0.05025150963338092,
    0.04724879520945251,
    0.07407053257338703,
    0.07045560916885733,
    0.035863896261435005,
    0.04071503417799249,
    0.05318563412874937,
    0.04134008809924126,
    0.042977110901847485,
    0.020183264371007682,
    0.05123943553771824,
    0.031141116889193653,
    0.05077639977680519,
    0.02308180765248835,
    0.03371258464176208,
    0.05398871060460806,
    0.0314130611019209,
    0.03403681013733149,
    0.03333747684955597,
    0.043580528697930276,
    0.02346584137994796,
    0.03023989961948246,
    0.024467641254886985,
    0.04409052422270179,
    0.03339563221670687,
    0.0208960582036525,
    0.025975323771126567,
    0.030024978006258606,
    0.03304027875419706,
    0.024448264157399535,
    0.03146653096191585,
    0.028231896564830095,
    0.03261039757635444,
    0.027535210689529778,
    0.021050350461155175,
    0.025266246334649623
  ],
  "memory_losses": [
    23.192089653015138,
    21.136604404449464,
    18.636379146575926,
    17.988833713531495,
    17.334130716323852,
    17.343859672546387,
    17.184827709197997,
    16.815494060516357,
    16.514469957351686,
    16.514799118041992,
    16.687462472915648,
    16.37957501411438,
    16.685135269165038,
    16.246038818359374,
    16.214817237854003,
    16.364440155029296,
    15.992788505554199,
    16.169689416885376,
    16.058360242843627,
    15.766130876541137,
    15.899821662902832,
    15.909617900848389,
    16.13027901649475,
    15.751572227478027,
    15.762205696105957,
    15.39195384979248,
    15.784186506271363,
    15.614627504348755,
    15.48366060256958,
    15.506889009475708,
    15.5283860206604,
    15.432494592666625,
    15.643213939666747,
    15.621956205368042,
    15.566564226150513,
    15.596865844726562,
    15.581262922286987,
    15.234323310852051,
    15.058034181594849,
    15.57294430732727,
    15.824657869338989,
    15.506103610992431,
    15.975069332122803,
    15.440719032287598,
    15.95667986869812,
    15.29529528617859,
    15.130258083343506,
    15.36248025894165,
    15.535611534118653,
    15.321383857727051,
    15.533813190460204,
    15.329821348190308,
    15.895996284484863,
    15.552185440063477,
    15.560302495956421,
    15.469194364547729,
    15.634697246551514,
    15.46252613067627,
    15.539768981933594,
    15.321508264541626,
    15.57246823310852,
    15.184015893936158,
    15.46453561782837,
    15.213660955429077,
    15.663697814941406,
    15.876021480560302,
    15.44723892211914,
    15.605631065368652,
    15.73264274597168,
    15.429246664047241,
    15.402886724472046,
    15.271932220458984,
    15.688083982467651,
    15.562871170043945,
    16.30259780883789,
    15.304574632644654,
    14.991112184524535,
    15.536962175369263,
    15.286042070388794,
    15.6604407787323,
    15.316422367095948,
    15.785436964035034,
    15.331187200546264,
    15.32883334159851,
    15.232454872131347,
    15.47698621749878,
    15.541131973266602,
    15.614348077774048,
    15.364629030227661,
    15.674156332015992,
    15.066974544525147,
    15.413563346862793,
    15.2180739402771,
    15.622150707244874,
    15.672036695480347,
    15.18790831565857,
    15.449983263015747,
    15.27187113761902,
    15.593749380111694,
    15.4236496925354
  ],
  "policy_fitness": [
    207.99292447169623,
    207.96026851733527,
    207.85832011699677,
    207.96460465590158,
    207.94347908099493,
    207.94046394030252,
    207.9934416214625,
    208.0964865287145,
    208.022764980793,
    207.94566045204797,
    207.93144210179648,
    207.99844841162363,
    207.9375862876574,
    208.09063955148062,
    207.90789159138998,
    207.9667340517044,
    208.06476495663324,
    208.07458398739496,
    208.04175583521524,
    208.01485472917557,
    208.02281665802002,
    207.9404837290446,
    208.0491396188736,
    207.91729112466177,
    208.04505175352097,
    207.99518660704294,
    208.03040750821432,
    208.02690557638803,
    208.0241411526998,
    207.95767905314764,
    208.02907548348108,
    208.05568565924963,
    207.94099020957947,
    208.01533788442612,
    207.96077410380045,
    207.9282535711924,
    207.95373598734537,
    208.04246719678244,
    207.97097251812616,
    207.9152062535286,
    207.97436783711115,
    207.99861991405487,
    208.00277503331503,
    207.96172686417898,
    208.03282896677652,
    207.9323464433352,
    208.02161437273026,
    207.99878591299057,
    208.08640450239182,
    207.98522249857584,
    208.04583974679312,
    208.02005288998285,
    208.00343040625253,
    207.92357494433722,
    207.9888793627421,
    208.06899617115656,
    207.97315682967505,
    207.9953441619873,
    208.0353700121244,
    208.04673939943314,
    207.92936954895654,
    207.9930920600891,
    207.9765809973081,
    208.03684031963348,
    208.0580407778422,
    208.07199182113013,
    208.07648668686548,
    207.95448911190033,
    207.9623797337214,
    207.92168267567953,
    208.00541748603186,
    208.10290239254633,
    208.05455189943314,
    207.99153516689935,
    208.02121909459433,
    208.0091240207354,
    208.0246165394783,
    208.11540697018305,
    208.00038701295853,
    207.91304636001587,
    207.95397528012595,
    207.9377518693606,
    207.94759062925974,
    207.9700875878334,
    207.95286663373312,
    208.05579151709875,
    207.9024505416552,
    207.99801152944565,
    208.11412906646729,
    207.98724470535913,
    207.97990109523138,
    207.9847602446874,
    208.036636531353,
    207.96713693936667,
    208.07155378659567,
    207.93503006299338,
    207.99338215589523,
    207.93304079771042,
    208.0649700562159,
    208.0722646911939
  ],
  "evaluation_rewards": [
    9.6
  ]
}