{
  "vae_loss": [
    48.34214679103269,
    15.861620117277067,
    14.116271502434762,
    13.536682443405038,
    12.919890641911689,
    12.235077865095759,
    11.717808900546112,
    10.383237218907702,
    9.899148953762483,
    9.869263687154145,
    9.650123126478816,
    9.435157926003733,
    9.401631699300498,
    9.551792285740058,
    9.35729099923035,
    9.133622853453156,
    9.12215244909997,
    9.114958076619542,
    9.066378063173406,
    9.135490750299574,
    8.906932225731165,
    8.86581004670997,
    8.815554444283533,
    8.781613881203764,
    8.924561674083437,
    8.794193260697698,
    8.668283923585744,
    8.783194015730915,
    8.643686710325097,
    8.76445586144479
  ],
  "rnn_loss": [
    -30.19289838910103,
    -54.05288585662842,
    -56.53586402893066,
    -59.73014057159424,
    -60.304121589660646,
    -63.46587135314942,
    -66.386382522583,
    -70.24084915161133,
    -71.13004287719727,
    -72.87345729827881,
    -75.30916328430176,
    -78.26504257202149,
    -79.33658271789551,
    -81.34718070983887,
    -84.18992378234863,
    -85.15218734741211,
    -86.27314094543458,
    -88.23298652648926,
    -89.16923355102539,
    -88.36975143432618,
    -91.49704803466797,
    -92.15977897644044,
    -91.95663887023926,
    -92.63765869140624,
    -94.13180976867676,
    -95.58313667297364,
    -98.73645278930664,
    -97.2341837310791,
    -98.728637008667,
    -97.49418182373047
  ],
  "dream_fitness": [
    72.9867798347647,
    84.5934839559098,
    73.06336688126127,
    76.60933275148273,
    82.89177073786657,
    77.25045079427461,
    91.8492730545501,
    78.24428027433653,
    90.53500524970393,
    91.1164918957899,
    81.16303689653675,
    92.54085551264386,
    84.97313681989908,
    89.71147908704977,
    87.20453605583559,
    81.78842630982399,
    81.51241489344586,
    99.28332505996029,
    102.39671754216154,
    102.60134930722415,
    84.29051103908569,
    93.99205125619967,
    91.32385725372781,
    94.03180827945471,
    85.88068027546008,
    92.41097392017643,
    102.70088377905388,
    104.35554438953598,
    96.65704941997926,
    91.76098794986804,
    95.82090165900688,
    78.39716548162203,
    89.95204790743689,
    106.86812979665895,
    105.87155481086423,
    84.74739856583376,
    93.72608061817785,
    94.49818884705503,
    97.18349226998787,
    96.26981285307556,
    81.768137216568,
    95.87432757827143,
    87.58885722607374,
    94.41336207526426,
    88.10043868174155,
    91.56741404285033,
    106.11058486873905,
    101.00383021992941,
    92.74338805427153,
    89.30806235348184
  ],
  "real_reward": [
    12.780103815244384
  ]
}